"Company Country","Job Number","Project Name","Client PO","No of Pages","Net Price","Gross Price",Company,"Due Date","Status Vendor",Invoice,Paid
"United Kingdom",374,"UIHL Dec 10",,14,300,300,"Forth Medical Ltd","Oct 26,2011",Invoiced,N/A,
"United Kingdom",375,"Forth Medical 31.12.10",,16,300,300,"Forth Medical Ltd","Oct 26,2011",Invoiced,N/A,
"United Kingdom",376,"Pulse 31 12 10",,14,300,300,"Forth Medical Ltd","Oct 26,2011",Invoiced,N/A,
"United Kingdom",377,"Northstar 31 5 10",,16,300,300,"Forth Medical Ltd","Oct 26,2011",Invoiced,N/A,
"United Kingdom",378,"Northstar 31 12 10",,16,300,300,"Forth Medical Ltd","Oct 26,2011",Invoiced,N/A,
"United Kingdom",379,"Forth Medical 31 12 10",,16,300,300,"Forth Medical Ltd","Oct 26,2011",Invoiced,N/A,
"United Kingdom",949,"Forth Medical December 2011","Forth Dec 11",15,360,360,"Forth Medical Ltd","Sep 20,2012","Pending Sign-off",1085-11092012-0949,
"United Kingdom",950,"Forth Medical December 2011","Forth Dec 11",15,360,360,"Forth Medical Ltd","Sep 20,2012",Cancelled,N/A,
"United Kingdom",951,"Northstar Orthopaedics December 2011","Northstar Dec 11",15,360,360,"Forth Medical Ltd","Sep 20,2012","Pending Sign-off",1087-11092012-0951,
"United Kingdom",953,"Pulse Surgical 31 December 2011","Pulse December 2011",14,360,360,"Forth Medical Ltd","Sep 20,2012","Pending Sign-off",1089-11092012-0953,
"United Kingdom",954,"Fannin Medical Devices (UK) Ltd 31 December 2011","FMD Ltd Dec 11",15,360,360,"Forth Medical Ltd","Sep 20,2012","Pending Sign-off",1088-11092012-0954,
